{"MedInc":3.052,
"HouseAge":17.0,
"AveRooms":3.3557814485,
"AveBedrms":1.0196950445,
"Population":4116.0,
"AveOccup":2.6149936468,
"Latitude":34.15,
"Longitude":-118.24}